Aartselaar	Antwerpen
Antwerpen	Antwerpen
Arendonk	Antwerpen
Baarle-Hertog	Antwerpen
Balen	Antwerpen
Beerse	Antwerpen
Berlaar	Antwerpen
Boechout	Antwerpen
Bonheiden	Antwerpen
Boom	Antwerpen
Bornem	Antwerpen
Borsbeek	Antwerpen
Brasschaat	Antwerpen
Brecht	Antwerpen
Dessel	Antwerpen
Duffel	Antwerpen
Edegem	Antwerpen
Essen	Antwerpen
Geel	Antwerpen
Grobbendonk	Antwerpen
Heist-op-den-Berg	Antwerpen
Hemiksem	Antwerpen
Herentals	Antwerpen
Herenthout	Antwerpen
Herselt	Antwerpen
Hoogstraten	Antwerpen
Hove	Antwerpen
Hulshout	Antwerpen
Kalmthout	Antwerpen
Kapellen	Antwerpen
Kasterlee	Antwerpen
Kontich	Antwerpen
Laakdal	Antwerpen
Lier	Antwerpen
Lille	Antwerpen
Lint	Antwerpen
Malle	Antwerpen
Mechelen	Antwerpen
Meerhout	Antwerpen
Merksplas	Antwerpen
Mol	Antwerpen
Mortsel	Antwerpen
Niel	Antwerpen
Nijlen	Antwerpen
Olen	Antwerpen
Oud-Turnhout	Antwerpen
Putte	Antwerpen
Puurs-Sint-Amands	Antwerpen
Ranst	Antwerpen
Ravels	Antwerpen
Retie	Antwerpen
Rijkevorsel	Antwerpen
Rumst	Antwerpen
Schelle	Antwerpen
Schilde	Antwerpen
Schoten	Antwerpen
Sint-Katelijne-Waver	Antwerpen
Stabroek	Antwerpen
Turnhout	Antwerpen
Vorselaar	Antwerpen
Vosselaar	Antwerpen
Westerlo	Antwerpen
Wijnegem	Antwerpen
Willebroek	Antwerpen
Wommelgem	Antwerpen
Wuustwezel	Antwerpen
Zandhoven	Antwerpen
Zoersel	Antwerpen
Zwijndrecht	Antwerpen
Alken	Limburg
As	Limburg
Beringen	Limburg
Bilzen	Limburg
Bocholt	Limburg
Borgloon	Limburg
Bree	Limburg
Diepenbeek	Limburg
Dilsen-Stokkem	Limburg
Genk	Limburg
Gingelom	Limburg
Halen	Limburg
Ham	Limburg
Hamont-Achel	Limburg
Hasselt	Limburg
Hechtel-Eksel	Limburg
Heers	Limburg
Herk-de-Stad	Limburg
Herstappe	Limburg
Heusden-Zolder	Limburg
Hoeselt	Limburg
Houthalen-Helchteren	Limburg
Kinrooi	Limburg
Kortessem	Limburg
Lanaken	Limburg
Leopoldsburg	Limburg
Lommel	Limburg
Lummen	Limburg
Maaseik	Limburg
Maasmechelen	Limburg
Nieuwerkerken	Limburg
Oudsbergen	Limburg
Peer	Limburg
Pelt	Limburg
Riemst	Limburg
Sint-Truiden	Limburg
Tessenderlo	Limburg
Tongeren	Limburg
Voeren	Limburg
Wellen	Limburg
Zonhoven	Limburg
Zutendaal	Limburg
Aalst	Oost-Vlaanderen
Aalter	Oost-Vlaanderen
Assenede	Oost-Vlaanderen
Berlare	Oost-Vlaanderen
Beveren	Oost-Vlaanderen
Brakel	Oost-Vlaanderen
Buggenhout	Oost-Vlaanderen
De Pinte	Oost-Vlaanderen
Deinze	Oost-Vlaanderen
Denderleeuw	Oost-Vlaanderen
Dendermonde	Oost-Vlaanderen
Destelbergen	Oost-Vlaanderen
Eeklo	Oost-Vlaanderen
Erpe-Mere	Oost-Vlaanderen
Evergem	Oost-Vlaanderen
Gavere	Oost-Vlaanderen
Gent	Oost-Vlaanderen
Geraardsbergen	Oost-Vlaanderen
Haaltert	Oost-Vlaanderen
Hamme	Oost-Vlaanderen
Herzele	Oost-Vlaanderen
Horebeke	Oost-Vlaanderen
Kaprijke	Oost-Vlaanderen
Kluisbergen	Oost-Vlaanderen
Kruibeke	Oost-Vlaanderen
Kruisem	Oost-Vlaanderen
Laarne	Oost-Vlaanderen
Lebbeke	Oost-Vlaanderen
Lede	Oost-Vlaanderen
Lierde	Oost-Vlaanderen
Lievegem	Oost-Vlaanderen
Lochristi	Oost-Vlaanderen
Lokeren	Oost-Vlaanderen
Maarkedal	Oost-Vlaanderen
Maldegem	Oost-Vlaanderen
Melle	Oost-Vlaanderen
Merelbeke	Oost-Vlaanderen
Moerbeke	Oost-Vlaanderen
Nazareth	Oost-Vlaanderen
Ninove	Oost-Vlaanderen
Oosterzele	Oost-Vlaanderen
Oudenaarde	Oost-Vlaanderen
Ronse	Oost-Vlaanderen
Sint-Gillis-Waas	Oost-Vlaanderen
Sint-Laureins	Oost-Vlaanderen
Sint-Lievens-Houtem	Oost-Vlaanderen
Sint-Martens-Latem	Oost-Vlaanderen
Sint-Niklaas	Oost-Vlaanderen
Stekene	Oost-Vlaanderen
Temse	Oost-Vlaanderen
Waasmunster	Oost-Vlaanderen
Wachtebeke	Oost-Vlaanderen
Wetteren	Oost-Vlaanderen
Wichelen	Oost-Vlaanderen
Wortegem-Petegem	Oost-Vlaanderen
Zele	Oost-Vlaanderen
Zelzate	Oost-Vlaanderen
Zottegem	Oost-Vlaanderen
Zulte	Oost-Vlaanderen
Zwalm	Oost-Vlaanderen
Aarschot	Vlaams-Brabant
Affligem	Vlaams-Brabant
Asse	Vlaams-Brabant
Beersel	Vlaams-Brabant
Begijnendijk	Vlaams-Brabant
Bekkevoort	Vlaams-Brabant
Bertem	Vlaams-Brabant
Bever	Vlaams-Brabant
Bierbeek	Vlaams-Brabant
Boortmeerbeek	Vlaams-Brabant
Boutersem	Vlaams-Brabant
Diest	Vlaams-Brabant
Dilbeek	Vlaams-Brabant
Drogenbos	Vlaams-Brabant
Galmaarden	Vlaams-Brabant
Geetbets	Vlaams-Brabant
Glabbeek	Vlaams-Brabant
Gooik	Vlaams-Brabant
Grimbergen	Vlaams-Brabant
Haacht	Vlaams-Brabant
Halle	Vlaams-Brabant
Herent	Vlaams-Brabant
Herne	Vlaams-Brabant
Hoegaarden	Vlaams-Brabant
Hoeilaart	Vlaams-Brabant
Holsbeek	Vlaams-Brabant
Huldenberg	Vlaams-Brabant
Kampenhout	Vlaams-Brabant
Kapelle-op-den-Bos	Vlaams-Brabant
Keerbergen	Vlaams-Brabant
Kortenaken	Vlaams-Brabant
Kortenberg	Vlaams-Brabant
Kraainem	Vlaams-Brabant
Landen	Vlaams-Brabant
Lennik	Vlaams-Brabant
Leuven	Vlaams-Brabant
Liedekerke	Vlaams-Brabant
Linkebeek	Vlaams-Brabant
Linter	Vlaams-Brabant
Londerzeel	Vlaams-Brabant
Lubbeek	Vlaams-Brabant
Machelen	Vlaams-Brabant
Meise	Vlaams-Brabant
Merchtem	Vlaams-Brabant
Opwijk	Vlaams-Brabant
Oud-Heverlee	Vlaams-Brabant
Overijse	Vlaams-Brabant
Pepingen	Vlaams-Brabant
Roosdaal	Vlaams-Brabant
Rotselaar	Vlaams-Brabant
Scherpenheuvel-Zichem	Vlaams-Brabant
Sint-Genesius-Rode	Vlaams-Brabant
Sint-Pieters-Leeuw	Vlaams-Brabant
Steenokkerzeel	Vlaams-Brabant
Ternat	Vlaams-Brabant
Tervuren	Vlaams-Brabant
Tielt-Winge	Vlaams-Brabant
Tienen	Vlaams-Brabant
Tremelo	Vlaams-Brabant
Vilvoorde	Vlaams-Brabant
Wemmel	Vlaams-Brabant
Wezembeek-Oppem	Vlaams-Brabant
Zaventem	Vlaams-Brabant
Zemst	Vlaams-Brabant
Zoutleeuw	Vlaams-Brabant
Alveringem	West-Vlaanderen
Anzegem	West-Vlaanderen
Ardooie	West-Vlaanderen
Avelgem	West-Vlaanderen
Beernem	West-Vlaanderen
Blankenberge	West-Vlaanderen
Bredene	West-Vlaanderen
Brugge	West-Vlaanderen
Damme	West-Vlaanderen
De Haan	West-Vlaanderen
De Panne	West-Vlaanderen
Deerlijk	West-Vlaanderen
Dentergem	West-Vlaanderen
Diksmuide	West-Vlaanderen
Gistel	West-Vlaanderen
Harelbeke	West-Vlaanderen
Heuvelland	West-Vlaanderen
Hooglede	West-Vlaanderen
Houthulst	West-Vlaanderen
Ichtegem	West-Vlaanderen
Ieper	West-Vlaanderen
Ingelmunster	West-Vlaanderen
Izegem	West-Vlaanderen
Jabbeke	West-Vlaanderen
Knokke-Heist	West-Vlaanderen
Koekelare	West-Vlaanderen
Koksijde	West-Vlaanderen
Kortemark	West-Vlaanderen
Kortrijk	West-Vlaanderen
Kuurne	West-Vlaanderen
Langemark-Poelkapelle	West-Vlaanderen
Ledegem	West-Vlaanderen
Lendelede	West-Vlaanderen
Lichtervelde	West-Vlaanderen
Lo-Reninge	West-Vlaanderen
Menen	West-Vlaanderen
Mesen	West-Vlaanderen
Meulebeke	West-Vlaanderen
Middelkerke	West-Vlaanderen
Moorslede	West-Vlaanderen
Nieuwpoort	West-Vlaanderen
Oostende	West-Vlaanderen
Oostkamp	West-Vlaanderen
Oostrozebeke	West-Vlaanderen
Oudenburg	West-Vlaanderen
Pittem	West-Vlaanderen
Poperinge	West-Vlaanderen
Roeselare	West-Vlaanderen
Ruiselede	West-Vlaanderen
Spiere-Helkijn	West-Vlaanderen
Staden	West-Vlaanderen
Tielt	West-Vlaanderen
Torhout	West-Vlaanderen
Veurne	West-Vlaanderen
Vleteren	West-Vlaanderen
Waregem	West-Vlaanderen
Wervik	West-Vlaanderen
Wevelgem	West-Vlaanderen
Wielsbeke	West-Vlaanderen
Wingene	West-Vlaanderen
Zedelgem	West-Vlaanderen
Zonnebeke	West-Vlaanderen
Zuienkerke	West-Vlaanderen
Zwevegem	West-Vlaanderen
Anderlecht	Brussel
Brussel	Brussel
Elsene	Brussel
Etterbeek	Brussel
Evere	Brussel
Ganshoren	Brussel
Jette	Brussel
Koekelberg	Brussel
Oudergem	Brussel
Schaarbeek	Brussel
Sint-Agatha-Berchem	Brussel
Sint-Gillis	Brussel
Sint-Jans-Molenbeek	Brussel
Sint-Joost-ten-Node	Brussel
Sint-Lambrechts-Woluwe	Brussel
Sint-Pieters-Woluwe	Brussel
Ukkel	Brussel
Vorst	Brussel
Watermaal-Bosvoorde	Brussel
